Date,ASML.AS,BESI.AS,IFX.DE,HSBA.L,INGA.AS,ISP.MI,ABI.BR,RI.PA,BN.PA,TSCO.L
2024-01-02,653.7706909179688,130.27951049804688,36.33616256713867,629.79345703125,11.786452293395996,2.3881375789642334,56.9165153503418,145.60406494140625,55.86029052734375,292.91278076171875
2024-01-03,635.1702270507812,125.52198791503906,34.948795318603516,624.6991577148438,11.728609085083008,2.3859219551086426,56.52913284301758,142.2342529296875,56.788639068603516,297.6097717285156
2024-01-04,636.1544189453125,122.35028839111328,34.233055114746094,631.7911987304688,11.647974967956543,2.4413158893585205,56.955257415771484,142.70228576660156,56.79801559448242,302.2068176269531
2024-01-05,633.9892578125,124.0322494506836,34.448753356933594,633.589111328125,11.637456893920898,2.4705636501312256,57.00367736816406,137.6007537841797,56.74174880981445,300.7077941894531
2024-01-06,633.9892578125,124.0322494506836,34.448753356933594,633.589111328125,11.637456893920898,2.4705636501312256,57.00367736816406,137.6007537841797,56.74174880981445,300.7077941894531
2024-01-07,633.9892578125,124.0322494506836,34.448753356933594,633.589111328125,11.637456893920898,2.4705636501312256,57.00367736816406,137.6007537841797,56.74174880981445,300.7077941894531
2024-01-08,643.04345703125,124.2244644165039,35.130184173583984,639.2827758789062,11.598894119262695,2.477654218673706,57.50727844238281,139.70689392089844,57.13560104370117,303.30615234375
2024-01-09,644.1260986328125,125.81029510498047,34.512489318847656,633.7889404296875,11.411334991455078,2.4435315132141113,57.7203369140625,139.05166625976562,57.20124053955078,300.30804443359375
2024-01-10,641.0751953125,122.59056091308594,34.105594635009766,629.9933471679688,11.335959434509277,2.43599796295166,58.19488525390625,139.28567504882812,57.257503509521484,296.2106628417969
2024-01-11,638.61474609375,123.50362396240234,33.600650787353516,610.7149047851562,11.241303443908691,2.4169423580169678,57.2845344543457,141.0641632080078,56.74174880981445,292.21319580078125
2024-01-12,639.0084228515625,123.64778900146484,33.59574890136719,609.4161987304688,11.29213809967041,2.4169423580169678,57.61381149291992,138.349609375,57.088714599609375,296.7103271484375
2024-01-13,639.0084228515625,123.64778900146484,33.59574890136719,609.4161987304688,11.29213809967041,2.4169423580169678,57.61381149291992,138.349609375,57.088714599609375,296.7103271484375
2024-01-14,639.0084228515625,123.64778900146484,33.59574890136719,609.4161987304688,11.29213809967041,2.4169423580169678,57.61381149291992,138.349609375,57.088714599609375,296.7103271484375
2024-01-15,637.9259033203125,123.59973907470703,33.144737243652344,595.7316284179688,11.285126686096191,2.4133973121643066,57.691287994384766,137.41354370117188,57.71698760986328,300.4079895019531
2024-01-16,641.9609985351562,123.50362396240234,32.95844650268555,592.8349609375,11.15190601348877,2.407193183898926,56.8003044128418,137.9751739501953,57.93266296386719,302.1069030761719
2024-01-17,639.3037109375,127.92477416992188,31.899539947509766,587.0413818359375,11.12561321258545,2.418272018432617,55.90931701660156,136.290283203125,57.670101165771484,299.40863037109375
2024-01-18,665.2852783203125,137.29566955566406,33.4339714050293,588.8394165039062,11.129117965698242,2.4373273849487305,55.63814926147461,134.37135314941406,57.5950813293457,295.9108581542969
2024-01-19,675.4219970703125,138.16067504882812,33.522212982177734,587.7406616210938,11.167681694030762,2.442202091217041,55.812469482421875,133.0608673095703,57.76387405395508,295.8109436035156
2024-01-20,675.4219970703125,138.16067504882812,33.522212982177734,587.7406616210938,11.167681694030762,2.442202091217041,55.812469482421875,133.0608673095703,57.76387405395508,295.8109436035156
2024-01-21,675.4219970703125,138.16067504882812,33.522212982177734,587.7406616210938,11.167681694030762,2.442202091217041,55.812469482421875,133.0608673095703,57.76387405395508,295.8109436035156
2024-01-22,696.2859497070312,140.51541137695312,33.97813034057617,596.53076171875,11.279867172241211,2.453280448913574,55.96742630004883,131.79718017578125,57.76387405395508,298.2093811035156
2024-01-23,695.8922119140625,138.20872497558594,34.13990783691406,598.1289672851562,11.279867172241211,2.4568262100219727,55.5606689453125,133.34169006347656,57.707611083984375,298.6091003417969
2024-01-24,763.5032958984375,141.428466796875,34.22324752807617,604.22216796875,11.434121131896973,2.5122199058532715,55.93836975097656,134.83938598632812,57.529441833496094,298.6091003417969
2024-01-25,798.932861328125,143.0623779296875,33.968326568603516,604.22216796875,11.397311210632324,2.4887328147888184,55.39603042602539,135.86904907226562,57.29500961303711,298.6091003417969
2024-01-26,784.564208984375,137.24761962890625,33.67418670654297,616.2086181640625,11.502483367919922,2.491391897201538,55.39603042602539,146.54013061523438,57.473182678222656,293.3125305175781
2024-01-27,784.564208984375,137.24761962890625,33.67418670654297,616.2086181640625,11.502483367919922,2.491391897201538,55.39603042602539,146.54013061523438,57.473182678222656,293.3125305175781
2024-01-28,784.564208984375,137.24761962890625,33.67418670654297,616.2086181640625,11.502483367919922,2.491391897201538,55.39603042602539,146.54013061523438,57.473182678222656,293.3125305175781
2024-01-29,792.043701171875,136.0462188720703,32.865299224853516,616.30859375,11.456908226013184,2.465688943862915,55.62845993041992,144.527587890625,58.36402130126953,292.3131408691406
2024-01-30,788.5993041992188,136.8151092529297,33.551631927490234,620.50390625,11.49547290802002,2.5498878955841064,55.65751647949219,143.59152221679688,57.97017288208008,291.9134521484375
2024-01-31,785.54833984375,134.36427307128906,33.08590316772461,617.50732421875,11.56032943725586,2.5374794006347656,55.696250915527344,142.74908447265625,57.89515686035156,286.4169616699219
2024-02-01,799.6217041015625,135.13314819335938,32.73293685913086,610.5150756835938,10.815351486206055,2.4843013286590576,55.618778228759766,143.3107147216797,57.58570861816406,282.71929931640625
2024-02-02,805.8218994140625,137.00732421875,32.948638916015625,613.4118041992188,10.694400787353516,2.481642246246338,55.5025634765625,143.35751342773438,57.14497375488281,290.6142272949219
2024-02-03,805.8218994140625,137.00732421875,32.948638916015625,613.4118041992188,10.694400787353516,2.481642246246338,55.5025634765625,143.35751342773438,57.14497375488281,290.6142272949219
2024-02-04,805.8218994140625,137.00732421875,32.948638916015625,613.4118041992188,10.694400787353516,2.481642246246338,55.5025634765625,143.35751342773438,57.14497375488281,290.6142272949219
2024-02-05,815.7300415039062,139.69847106933594,33.97813034057617,618.506103515625,10.592732429504395,2.5396950244903564,55.83184051513672,145.46365356445312,57.87640380859375,289.6148681640625
2024-02-06,822.0398559570312,143.20654296875,32.9437370300293,631.2916870117188,10.650578498840332,2.572045087814331,56.3063850402832,147.1017608642578,58.082698822021484,289.7148132324219
2024-02-07,838.0114135742188,143.39877319335938,31.25733184814453,626.4972534179688,10.450748443603516,2.517094373703003,58.679115295410156,146.02529907226562,57.707611083984375,279.8211669921875
2024-02-08,843.0393676757812,147.19515991210938,32.50252914428711,617.0078125,10.468277931213379,2.4967093467712402,58.73722839355469,146.68052673339844,57.79200744628906,280.2208557128906
2024-02-09,863.7432250976562,153.15411376953125,32.98295593261719,608.8169555664062,10.578709602355957,2.4687910079956055,58.06898498535156,144.94883728027344,57.09809112548828,280.3208312988281
2024-02-10,863.7432250976562,153.15411376953125,32.98295593261719,608.8169555664062,10.578709602355957,2.4687910079956055,58.06898498535156,144.94883728027344,57.09809112548828,280.3208312988281
2024-02-11,863.7432250976562,153.15411376953125,32.98295593261719,608.8169555664062,10.578709602355957,2.4687910079956055,58.06898498535156,144.94883728027344,57.09809112548828,280.3208312988281
2024-02-12,865.2220458984375,152.48130798339844,33.59574890136719,607.7182006835938,10.759257316589355,2.5024702548980713,57.96245574951172,145.1360321044922,57.21061706542969,279.42138671875
2024-02-13,838.7014770507812,146.76268005371094,31.928953170776367,609.81591796875,10.741728782653809,2.4869601726531982,57.526649475097656,145.3700408935547,57.1824836730957,273.5251770019531
2024-02-14,841.3633422851562,148.63685607910156,32.35055160522461,620.0044555664062,10.768022537231445,2.495380401611328,56.09332275390625,144.855224609375,56.93867874145508,277.0229187011719
2024-02-15,848.6589965820312,150.27076721191406,32.68881607055664,625.8977661132812,10.850409507751465,2.5069022178649902,56.43228530883789,147.4293975830078,57.32314682006836,276.0235595703125
2024-02-16,862.264404296875,155.60494995117188,32.80647277832031,638.0841064453125,10.853914260864258,2.5038001537323,55.986793518066406,147.1017608642578,57.4825553894043,279.42138671875
2024-02-17,862.264404296875,155.60494995117188,32.80647277832031,638.0841064453125,10.853914260864258,2.5038001537323,55.986793518066406,147.1017608642578,57.4825553894043,279.42138671875
2024-02-18,862.264404296875,155.60494995117188,32.80647277832031,638.0841064453125,10.853914260864258,2.5038001537323,55.986793518066406,147.1017608642578,57.4825553894043,279.42138671875
2024-02-19,847.37744140625,152.38522338867188,32.49272155761719,637.48486328125,10.918771743774414,2.5162079334259033,56.39354705810547,147.38258361816406,57.68885803222656,280.9204406738281
2024-02-20,825.8848266601562,147.24322509765625,31.92405128479004,643.0785522460938,11.127365112304688,2.5255141258239746,56.42259979248047,145.8848876953125,57.83889389038086,284.31829833984375
2024-02-21,822.2369384765625,149.59796142578125,32.252506256103516,589.1390380859375,11.064260482788086,2.5574212074279785,56.655033111572266,148.1314239501953,57.85764694213867,285.317626953125
2024-02-22,864.4332885742188,156.95053100585938,32.95354461669922,589.8382568359375,11.104578018188477,2.5671706199645996,56.63566207885742,149.62913513183594,57.80138397216797,276.6231689453125
2024-02-23,852.7998046875,147.48350524902344,32.4535026550293,596.53076171875,11.130870819091797,2.6048378944396973,56.6259765625,147.85060119628906,56.929298400878906,279.5213623046875
2024-02-24,852.7998046875,147.48350524902344,32.4535026550293,596.53076171875,11.130870819091797,2.6048378944396973,56.6259765625,147.85060119628906,56.929298400878906,279.5213623046875
2024-02-25,852.7998046875,147.48350524902344,32.4535026550293,596.53076171875,11.130870819091797,2.6048378944396973,56.6259765625,147.85060119628906,56.929298400878906,279.5213623046875
2024-02-26,857.5320434570312,157.046630859375,32.92420196533203,595.032470703125,11.03972053527832,2.6185758113861084,56.43228530883789,147.1017608642578,56.63860321044922,278.32208251953125
2024-02-27,866.7994995117188,160.89109802246094,34.252071380615234,601.7249755859375,11.136130332946777,2.6168034076690674,56.2482795715332,149.53550720214844,56.807395935058594,277.4226989746094
2024-02-28,857.1377563476562,159.4974822998047,32.86970138549805,608.8169555664062,11.190468788146973,2.6145877838134766,55.754364013671875,146.7273406982422,56.00094985961914,277.1228332519531
2024-02-29,858.2222900390625,160.65081787109375,32.79538345336914,613.8114013671875,11.122106552124023,2.603951930999756,53.96270751953125,144.66802978515625,55.34454345703125,278.62188720703125
2024-03-01,881.3907470703125,161.756103515625,33.67732620239258,612.1132202148438,11.160670280456543,2.662890911102295,54.02081298828125,146.0720977783203,55.063228607177734,277.4226989746094
2024-03-02,881.3907470703125,161.756103515625,33.67732620239258,612.1132202148438,11.160670280456543,2.662890911102295,54.02081298828125,146.0720977783203,55.063228607177734,277.4226989746094
2024-03-03,881.3907470703125,161.756103515625,33.67732620239258,612.1132202148438,11.160670280456543,2.662890911102295,54.02081298828125,146.0720977783203,55.063228607177734,277.4226989746094
2024-03-04,900.3199462890625,166.60977172851562,33.27599334716797,607.7182006835938,11.4253568649292,2.658902406692505,53.856178283691406,144.80841064453125,55.40081024169922,275.7237548828125
2024-03-05,886.8131713867188,160.9391632080078,32.85979461669922,609.4161987304688,11.502483367919922,2.7125236988067627,53.84648895263672,143.63833618164062,55.522708892822266,276.1235046386719
2024-03-06,899.3341064453125,164.01473999023438,33.52372741699219,611.314208984375,11.527026176452637,2.7501914501190186,53.92396926879883,141.3917999267578,55.072601318359375,280.2208557128906
2024-03-07,935.812255859375,171.07894897460938,34.5543098449707,590.277587890625,11.702314376831055,2.7360105514526367,54.36946105957031,140.97059631347656,55.21326446533203,283.518798828125
2024-03-08,910.3760986328125,143.5429229736328,33.98451614379883,579.4852905273438,11.828522682189941,2.749748468399048,54.82463836669922,140.408935546875,55.09135818481445,286.0171813964844
2024-03-09,910.3760986328125,143.5429229736328,33.98451614379883,579.4852905273438,11.828522682189941,2.749748468399048,54.82463836669922,140.408935546875,55.09135818481445,286.0171813964844
2024-03-10,910.3760986328125,143.5429229736328,33.98451614379883,579.4852905273438,11.828522682189941,2.749748468399048,54.82463836669922,140.408935546875,55.09135818481445,286.0171813964844
2024-03-11,872.0247192382812,130.71202087402344,33.42463302612305,575.3881225585938,11.981024742126465,2.721829891204834,55.734989166259766,141.43861389160156,55.29765701293945,282.0197448730469
2024-03-12,879.7147216796875,137.29566955566406,34.5642204284668,592.1760864257812,12.3754243850708,2.784757137298584,56.122379302978516,141.34498596191406,55.475826263427734,285.617431640625
2024-03-13,866.5037841796875,136.2864990234375,34.57413101196289,589.2781982421875,12.343873023986816,2.8210957050323486,56.96493911743164,141.76622009277344,55.83216094970703,285.81732177734375
2024-03-14,868.5740966796875,135.66175842285156,33.64759826660156,585.9805908203125,12.273757934570312,2.810459852218628,54.2048225402832,142.70228576660156,55.71025466918945,285.917236328125
2024-03-15,845.602783203125,135.95010375976562,31.621109008789062,597.5723266601562,12.32283878326416,2.8605360984802246,53.64311218261719,141.7194061279297,55.88842010498047,287.41632080078125
2024-03-16,845.602783203125,135.95010375976562,31.621109008789062,597.5723266601562,12.32283878326416,2.8605360984802246,53.64311218261719,141.7194061279297,55.88842010498047,287.41632080078125
2024-03-17,845.602783203125,135.95010375976562,31.621109008789062,597.5723266601562,12.32283878326416,2.8605360984802246,53.64311218261719,141.7194061279297,55.88842010498047,287.41632080078125
2024-03-18,858.5179443359375,137.00732421875,31.710294723510742,602.069091796875,12.524421691894531,2.861865520477295,53.43973922729492,139.3792724609375,55.644615173339844,287.61614990234375
2024-03-19,857.3347778320312,135.75787353515625,31.031496047973633,602.4688110351562,12.733016014099121,2.903521776199341,53.4300537109375,138.20919799804688,55.59772872924805,287.5162353515625
2024-03-20,862.1658325195312,133.88369750976562,30.719348907470703,604.9669799804688,12.589279174804688,2.899090051651001,53.207305908203125,136.80511474609375,55.682125091552734,285.51751708984375
2024-03-21,910.2775268554688,142.14930725097656,31.601289749145508,620.65576171875,12.718992233276367,2.918588638305664,53.09109115600586,137.9751739501953,55.46644973754883,291.8135070800781
2024-03-22,893.320068359375,141.52459716796875,30.932401657104492,624.4530639648438,12.845199584960938,2.9203615188598633,53.4300537109375,138.67723083496094,55.86029052734375,294.0120544433594
2024-03-23,893.320068359375,141.52459716796875,30.932401657104492,624.4530639648438,12.845199584960938,2.9203615188598633,53.4300537109375,138.67723083496094,55.86029052734375,294.0120544433594
2024-03-24,893.320068359375,141.52459716796875,30.932401657104492,624.4530639648438,12.845199584960938,2.9203615188598633,53.4300537109375,138.67723083496094,55.86029052734375,294.0120544433594
2024-03-25,900.1227416992188,136.2384490966797,30.600433349609375,624.1532592773438,12.882012367248535,2.9438486099243164,53.76901626586914,137.08592224121094,55.625858306884766,293.51239013671875
2024-03-26,887.7005004882812,141.8129119873047,31.071134567260742,626.851318359375,13.081840515136719,2.9651196002960205,54.05955123901367,139.6600799560547,56.27288818359375,296.61041259765625
2024-03-27,882.5737915039062,138.64122009277344,31.190048217773438,614.5601196289062,13.095865249633789,2.9673352241516113,54.47599411010742,139.80050659179688,56.01032638549805,298.009521484375
2024-03-28,879.6162109375,136.38259887695312,31.229684829711914,618.5572509765625,13.362303733825684,2.9806299209594727,54.67936706542969,140.3621368408203,56.160362243652344,296.4105529785156
2024-03-29,879.6162109375,136.38259887695312,31.229684829711914,618.5572509765625,13.362303733825684,2.9806299209594727,54.67936706542969,140.3621368408203,56.160362243652344,296.4105529785156
2024-03-30,879.6162109375,136.38259887695312,31.229684829711914,618.5572509765625,13.362303733825684,2.9806299209594727,54.67936706542969,140.3621368408203,56.160362243652344,296.4105529785156
2024-03-31,879.6162109375,136.38259887695312,31.229684829711914,618.5572509765625,13.362303733825684,2.9806299209594727,54.67936706542969,140.3621368408203,56.160362243652344,296.4105529785156
2024-04-01,879.6162109375,136.38259887695312,31.229684829711914,618.5572509765625,13.362303733825684,2.9806299209594727,54.67936706542969,140.3621368408203,56.160362243652344,296.4105529785156
2024-04-02,878.1373291015625,138.8815155029297,30.491430282592773,620.95556640625,13.441184997558594,2.9668924808502197,54.44694137573242,138.44322204589844,55.30703353881836,294.71160888671875
2024-04-03,892.235595703125,143.3026580810547,31.2247314453125,630.648681640625,13.602450370788574,3.0160818099975586,54.11766052246094,137.27313232421875,54.87568283081055,293.4124755859375
2024-04-04,888.587890625,145.1768341064453,31.591381072998047,641.2410278320312,13.73567008972168,3.0001282691955566,53.53657913208008,135.35423278808594,54.388065338134766,292.11328125
2024-04-05,892.92578125,146.2340545654297,31.31391716003418,640.9412841796875,13.672566413879395,2.950495481491089,53.61406326293945,132.1248016357422,54.36930847167969,289.4150085449219
2024-04-06,892.92578125,146.2340545654297,31.31391716003418,640.9412841796875,13.672566413879395,2.950495481491089,53.61406326293945,132.1248016357422,54.36930847167969,289.4150085449219
2024-04-07,892.92578125,146.2340545654297,31.31391716003418,640.9412841796875,13.672566413879395,2.950495481491089,53.61406326293945,132.1248016357422,54.36930847167969,289.4150085449219
2024-04-08,900.8129272460938,145.80154418945312,32.03730773925781,644.0390625,13.809290885925293,2.974425792694092,53.78838348388672,134.0905303955078,54.087989807128906,287.8160095214844
2024-04-09,886.6160278320312,139.55429077148438,33.24130630493164,644.2388916015625,13.711130142211914,2.934985399246216,53.96270751953125,135.49461364746094,53.9754638671875,287.31634521484375
2024-04-10,900.4185791015625,140.51541137695312,33.2859001159668,662.7256469726562,13.81104564666748,2.9691078662872314,53.53657913208008,134.2777557373047,53.93795394897461,296.810302734375
2024-04-11,896.2777099609375,139.3140106201172,32.5030517578125,646.2374267578125,13.549863815307617,2.908839464187622,53.78838348388672,133.2948760986328,54.0317268371582,281.81988525390625
2024-04-12,894.7003784179688,138.30482482910156,31.769752502441406,652.9327392578125,13.099370956420898,2.9159297943115234,53.710906982421875,132.2184295654297,54.1817626953125,282.71929931640625
2024-04-13,894.7003784179688,138.30482482910156,31.769752502441406,652.9327392578125,13.099370956420898,2.9159297943115234,53.710906982421875,132.2184295654297,54.1817626953125,282.71929931640625
2024-04-14,894.7003784179688,138.30482482910156,31.769752502441406,652.9327392578125,13.099370956420898,2.9159297943115234,53.710906982421875,132.2184295654297,54.1817626953125,282.71929931640625
2024-04-15,898.0524291992188,137.05538940429688,32.05217361450195,650.63427734375,13.18876838684082,2.948279857635498,53.071720123291016,131.843994140625,54.16300964355469,286.11712646484375
2024-04-16,900.5171508789062,138.01651000976562,31.799480438232422,631.2481689453125,12.887269973754883,2.8822505474090576,52.16136932373047,131.28236389160156,54.0317268371582,280.6206359863281
2024-04-17,840.37744140625,136.8151092529297,31.209867477416992,635.64501953125,13.081840515136719,2.9239068031311035,52.16136932373047,132.73324584960938,54.89443588256836,282.0197448730469
2024-04-18,828.4481811523438,133.16285705566406,30.605388641357422,644.138916015625,13.293941497802734,2.9686646461486816,52.451904296875,134.46495056152344,55.38205337524414,282.5194091796875
2024-04-19,809.4202880859375,128.30921936035156,29.862178802490234,645.7378540039062,13.348280906677246,2.9930381774902344,53.2266731262207,135.72862243652344,55.73838424682617,281.2202453613281
2024-04-20,809.4202880859375,128.30921936035156,29.862178802490234,645.7378540039062,13.348280906677246,2.9930381774902344,53.2266731262207,135.72862243652344,55.73838424682617,281.2202453613281
2024-04-21,809.4202880859375,128.30921936035156,29.862178802490234,645.7378540039062,13.348280906677246,2.9930381774902344,53.2266731262207,135.72862243652344,55.73838424682617,281.2202453613281
2024-04-22,801.7304077148438,126.53114318847656,29.535167694091797,666.0232543945312,13.463973045349121,3.038682460784912,53.943336486816406,135.7754364013672,56.20724868774414,290.9140319824219
2024-04-23,822.53271484375,128.35726928710938,29.535167694091797,667.222412109375,13.672566413879395,3.119335889816284,54.078922271728516,135.82225036621094,55.88842010498047,292.8128356933594
2024-04-24,823.0256958007812,133.59536743164062,31.145456314086914,663.1253051757812,13.512298583984375,3.1171200275421143,54.272613525390625,135.7754364013672,56.038455963134766,291.2138671875
2024-04-25,821.9413452148438,130.71202087402344,32.26522445678711,661.4266357421875,13.534404754638672,3.1047120094299316,54.291988372802734,132.4524383544922,55.60710525512695,289.6148681640625
2024-04-26,848.4682006835938,125.32975006103516,32.7309684753418,663.1253051757812,13.733357429504395,3.1463680267333984,54.35009002685547,133.3885040283203,54.66938018798828,288.7154846191406
2024-04-27,848.4682006835938,125.32975006103516,32.7309684753418,663.1253051757812,13.733357429504395,3.1463680267333984,54.35009002685547,133.3885040283203,54.66938018798828,288.7154846191406
2024-04-28,848.4682006835938,125.32975006103516,32.7309684753418,663.1253051757812,13.733357429504395,3.1463680267333984,54.35009002685547,133.3885040283203,54.66938018798828,288.7154846191406
2024-04-29,837.5018310546875,124.3525161743164,32.5030517578125,667.6220703125,13.659671783447266,3.1401638984680176,54.640628814697266,133.0608673095703,55.006961822509766,291.8135070800781
2024-04-30,822.6822509765625,122.64236450195312,32.42377853393555,695.1024169921875,13.689146041870117,3.1250967979431152,54.38882827758789,132.9204559326172,55.006961822509766,296.1106872558594
2024-05-01,822.6822509765625,122.64236450195312,32.42377853393555,697.0011596679688,13.689146041870117,3.1250967979431152,54.38882827758789,132.9204559326172,55.006961822509766,299.808349609375
2024-05-02,801.6384887695312,117.65849304199219,31.051313400268555,704.4957275390625,14.560491561889648,3.1676392555236816,54.214508056640625,131.70358276367188,55.75714111328125,299.6084899902344
2024-05-03,825.84375,122.49578094482422,31.150409698486328,704.995361328125,14.643388748168945,3.068373441696167,54.568336486816406,132.2184295654297,56.126522064208984,298.1094665527344
2024-05-04,825.84375,122.49578094482422,31.150409698486328,704.995361328125,14.643388748168945,3.068373441696167,54.568336486816406,132.2184295654297,56.126522064208984,298.1094665527344
2024-05-05,825.84375,122.49578094482422,31.150409698486328,704.995361328125,14.643388748168945,3.068373441696167,54.568336486816406,132.2184295654297,56.126522064208984,298.1094665527344
2024-05-06,836.4149780273438,124.25479888916016,31.92830467224121,704.995361328125,14.750234603881836,3.1578898429870605,54.529022216796875,132.2652130126953,56.47645950317383,298.1094665527344
2024-05-07,843.9236450195312,124.88999938964844,36.05559539794922,712.09033203125,14.85523796081543,3.1893539428710938,55.57085418701172,136.33706665039062,57.079139709472656,304.1056213378906
2024-05-08,834.834228515625,123.5218734741211,35.73353958129883,720.2843627929688,14.77602481842041,3.184921979904175,57.772457122802734,139.00485229492188,57.66236877441406,307.6033935546875
2024-05-09,837.6993408203125,127.96826934814453,36.55602264404297,690.4810791015625,14.768656730651855,3.172513961791992,57.949371337890625,139.47286987304688,57.62348556518555,310.0018615722656
2024-05-10,854.0997314453125,130.31362915039062,37.655975341796875,695.5779418945312,14.790762901306152,3.1911263465881348,58.46045684814453,139.80050659179688,57.83734130859375,311.50091552734375
2024-05-11,854.0997314453125,130.31362915039062,37.655975341796875,695.5779418945312,14.790762901306152,3.1911263465881348,58.46045684814453,139.80050659179688,57.83734130859375,311.50091552734375
2024-05-12,854.0997314453125,130.31362915039062,37.655975341796875,695.5779418945312,14.790762901306152,3.1911263465881348,58.46045684814453,139.80050659179688,57.83734130859375,311.50091552734375
2024-05-13,842.7379760742188,128.50575256347656,36.84339904785156,698.7760009765625,14.897607803344727,3.214169979095459,58.99120330810547,138.30279541015625,58.323368072509766,312.4002990722656
2024-05-14,830.5860595703125,128.6034698486328,36.86322021484375,705.9717407226562,15.120511054992676,3.2819721698760986,59.384342193603516,139.61329650878906,57.740135192871094,313.699462890625
2024-05-15,840.7620849609375,129.6295623779297,37.655975341796875,701.2745971679688,14.910502433776855,3.3032431602478027,60.01337814331055,139.75369262695312,57.95398712158203,310.50152587890625
2024-05-16,848.7646484375,131.53517150878906,36.75917053222656,696.07763671875,14.945504188537598,3.308561325073242,60.19029235839844,140.5961456298828,58.18728256225586,306.58551025390625
2024-05-17,842.7379760742188,132.0726318359375,36.66998291015625,696.577392578125,15.219986915588379,3.340467929840088,61.055206298828125,139.23886108398438,58.265045166015625,310.783935546875
2024-05-18,842.7379760742188,132.0726318359375,36.66998291015625,696.577392578125,15.219986915588379,3.340467929840088,61.055206298828125,139.23886108398438,58.265045166015625,310.783935546875
2024-05-19,842.7379760742188,132.0726318359375,36.66998291015625,696.577392578125,15.219986915588379,3.340467929840088,61.055206298828125,139.23886108398438,58.265045166015625,310.783935546875
2024-05-20,854.2973022460938,135.98155212402344,37.15554428100586,695.1781616210938,15.258672714233398,3.2869021892547607,60.56377410888672,138.30279541015625,58.265045166015625,310.28411865234375
2024-05-21,843.4296264648438,134.61343383789062,36.020912170410156,697.2769165039062,15.251304626464844,3.278590202331543,60.15097427368164,135.58824157714844,58.323368072509766,311.7835693359375
2024-05-22,843.8247680664062,135.5417938232422,37.36859893798828,692.3799438476562,15.149984359741211,3.268893003463745,59.462974548339844,134.97979736328125,58.09007263183594,311.8835144042969
2024-05-23,865.8565673828125,137.05650329589844,37.725341796875,690.9807739257812,15.142616271972656,3.2730488777160645,58.85360336303711,133.10768127441406,57.5846061706543,312.1833801269531
2024-05-24,869.9071655273438,137.20309448242188,37.6658821105957,692.9795532226562,15.06156063079834,3.2795138359069824,58.99120330810547,131.98440551757812,57.526283264160156,314.88238525390625
2024-05-25,869.9071655273438,137.20309448242188,37.6658821105957,692.9795532226562,15.06156063079834,3.2795138359069824,58.99120330810547,131.98440551757812,57.526283264160156,314.88238525390625
2024-05-26,869.9071655273438,137.20309448242188,37.6658821105957,692.9795532226562,15.06156063079834,3.2795138359069824,58.99120330810547,131.98440551757812,57.526283264160156,314.88238525390625
2024-05-27,871.98193359375,136.4701690673828,37.71543502807617,692.9795532226562,14.952872276306152,3.2915196418762207,58.85360336303711,132.2652130126953,57.62348556518555,314.88238525390625
2024-05-28,885.2207641601562,138.52235412597656,37.93839645385742,687.5828247070312,15.067087173461914,3.330770492553711,57.65451431274414,130.39309692382812,57.13745880126953,310.9838562011719
2024-05-29,877.8109130859375,138.0337371826172,36.72943878173828,684.6845092773438,14.877344131469727,3.2619664669036865,56.671653747558594,127.16371154785156,56.884727478027344,308.984619140625
2024-05-30,870.401123046875,133.83164978027344,36.7492561340332,692.3799438476562,15.05971908569336,3.336773633956909,56.63233947753906,128.2401580810547,57.21522521972656,311.3836975097656
2024-05-31,860.3237915039062,131.92605590820312,36.49161148071289,695.977783203125,15.072614669799805,3.330308675765991,56.63233947753906,128.193359375,57.467960357666016,310.8838806152344
2024-06-01,860.3237915039062,131.92605590820312,36.49161148071289,695.977783203125,15.072614669799805,3.330308675765991,56.63233947753906,128.193359375,57.467960357666016,310.8838806152344
2024-06-02,860.3237915039062,131.92605590820312,36.49161148071289,695.977783203125,15.072614669799805,3.330308675765991,56.63233947753906,128.193359375,57.467960357666016,310.8838806152344
2024-06-03,869.9071655273438,130.1181640625,36.585750579833984,692.879638671875,15.168405532836914,3.3617095947265625,56.76993942260742,129.45704650878906,57.5846061706543,311.9834899902344
2024-06-04,862.398681640625,130.1670379638672,36.37765121459961,689.781494140625,14.822078704833984,3.2762811183929443,56.12125015258789,129.78465270996094,57.973426818847656,311.8835144042969
2024-06-05,932.2481079101562,136.32359313964844,36.88303756713867,685.0844116210938,14.847869873046875,3.272125482559204,56.29816818237305,129.9718780517578,57.70125198364258,309.88427734375
2024-06-06,945.9807739257812,140.37908935546875,36.32810592651367,691.7803344726562,15.050507545471191,3.3256912231445312,57.300682067871094,130.53350830078125,58.18728256225586,309.48443603515625
2024-06-07,947.3639526367188,144.38572692871094,37.6658821105957,694.1788330078125,15.092876434326172,3.3127615451812744,56.80925369262695,128.66139221191406,58.342811584472656,307.48516845703125
2024-06-08,947.3639526367188,144.38572692871094,37.6658821105957,694.1788330078125,15.092876434326172,3.3127615451812744,56.80925369262695,128.66139221191406,58.342811584472656,307.48516845703125
2024-06-09,947.3639526367188,144.38572692871094,37.6658821105957,694.1788330078125,15.092876434326172,3.3127615451812744,56.80925369262695,128.66139221191406,58.342811584472656,307.48516845703125
2024-06-10,951.8098754882812,145.60726928710938,37.37355422973633,693.1793823242188,14.947347640991211,3.2952141761779785,56.278507232666016,126.60206604003906,57.68181228637695,305.6858215332031
2024-06-11,947.6603393554688,152.83876037597656,37.309146881103516,677.1891479492188,14.693127632141113,3.210709571838379,55.787078857421875,125.66600036621094,57.876224517822266,302.1871337890625
2024-06-12,973.7427978515625,155.1841278076172,38.16135787963867,681.3865966796875,14.801814079284668,3.2605812549591064,56.14091110229492,125.29158782958984,58.323368072509766,301.9872131347656
2024-06-13,954.8726196289062,155.57501220703125,37.58660888671875,672.791748046875,14.332062721252441,3.153911590576172,55.13839340209961,124.12150573730469,58.09007263183594,302.3870849609375
2024-06-14,941.5349731445312,150.1025390625,36.1695556640625,676.3895874023438,14.122055053710938,3.0754098892211914,54.50936508178711,123.46625518798828,57.15690231323242,310.0841979980469
2024-06-15,941.5349731445312,150.1025390625,36.1695556640625,676.3895874023438,14.122055053710938,3.0754098892211914,54.50936508178711,123.46625518798828,57.15690231323242,310.0841979980469
2024-06-16,941.5349731445312,150.1025390625,36.1695556640625,676.3895874023438,14.122055053710938,3.0754098892211914,54.50936508178711,123.46625518798828,57.15690231323242,310.0841979980469
2024-06-17,957.7377319335938,150.39569091796875,35.822723388671875,682.5858154296875,14.52364730834961,3.1081960201263428,54.666622161865234,122.90462493896484,57.429080963134766,306.8854064941406
2024-06-18,971.96435546875,152.10585021972656,35.659217834472656,686.083740234375,14.5291748046875,3.1576056480407715,54.352108001708984,122.67061614990234,57.60404586791992,309.18450927734375
2024-06-19,954.8726196289062,152.10585021972656,34.375938415527344,692.5797729492188,14.357852935791016,3.1954710483551025,54.13587951660156,121.07931518554688,57.2735481262207,308.78466796875
2024-06-20,977.0031127929688,153.13194274902344,34.668270111083984,696.577392578125,14.459171295166016,3.226409912109375,54.568336486816406,123.27903747558594,55.796024322509766,308.78466796875
2024-06-21,951.8098754882812,149.760498046875,33.632728576660156,683.2854614257812,14.300745010375977,3.1890063285827637,54.1162223815918,122.3897933959961,56.90416717529297,308.4847717285156
2024-06-22,951.8098754882812,149.760498046875,33.632728576660156,683.2854614257812,14.300745010375977,3.1890063285827637,54.1162223815918,122.3897933959961,56.90416717529297,308.4847717285156
2024-06-23,951.8098754882812,149.760498046875,33.632728576660156,683.2854614257812,14.300745010375977,3.1890063285827637,54.1162223815918,122.3897933959961,56.90416717529297,308.4847717285156
2024-06-24,937.089111328125,146.34019470214844,33.6971435546875,690.2811889648438,14.560491561889648,3.2619664669036865,55.68879318237305,124.6831283569336,57.21522521972656,308.28485107421875
2024-06-25,938.7687377929688,150.15138244628906,33.76155471801758,686.58349609375,14.606544494628906,3.2476513385772705,54.92216491699219,125.2447738647461,56.534786224365234,307.48516845703125
2024-06-26,935.2119140625,150.44456481933594,34.058837890625,687.6828002929688,14.599176406860352,3.2568869590759277,54.50936508178711,122.9514389038086,56.45702362060547,307.48516845703125
2024-06-27,948.4508056640625,152.30130004882812,33.682281494140625,688.8820190429688,14.685759544372559,3.199627161026001,54.214508056640625,120.28366088867188,55.64049530029297,306.38555908203125
2024-06-28,952.6002807617188,152.59446716308594,33.99442672729492,683.4853515625,14.702338218688965,3.20563006401062,53.19233322143555,118.5987548828125,55.48496627807617,305.8857421875
2024-06-29,952.6002807617188,152.59446716308594,33.99442672729492,683.4853515625,14.702338218688965,3.20563006401062,53.19233322143555,118.5987548828125,55.48496627807617,305.8857421875
2024-06-30,952.6002807617188,152.59446716308594,33.99442672729492,683.4853515625,14.702338218688965,3.20563006401062,53.19233322143555,118.5987548828125,55.48496627807617,305.8857421875
2024-07-01,942.8193969726562,151.81268310546875,34.05388641357422,690.4810791015625,15.067087173461914,3.3076820373535156,53.5068473815918,118.832763671875,56.08763885498047,307.18524169921875
2024-07-02,954.27978515625,152.88763427734375,33.8309211730957,688.4823608398438,14.99892807006836,3.2601194381713867,53.66410446166992,119.44120025634766,56.184844970703125,304.286376953125
2024-07-03,973.9403686523438,164.1746368408203,34.41557693481445,684.8844604492188,15.161036491394043,3.2915196418762207,54.705936431884766,122.67061614990234,56.515342712402344,304.08642578125
2024-07-04,972.359619140625,162.85537719726562,34.66331481933594,690.8807373046875,15.278935432434082,3.305835008621216,54.82387924194336,122.29617309570312,57.21522521972656,307.58514404296875
2024-07-05,981.0537719726562,163.343994140625,35.45607376098633,673.1915283203125,15.205249786376953,3.2781283855438232,54.194847106933594,121.82815551757812,56.92361068725586,310.8838806152344
2024-07-06,981.0537719726562,163.343994140625,35.45607376098633,673.1915283203125,15.205249786376953,3.2781283855438232,54.194847106933594,121.82815551757812,56.92361068725586,310.8838806152344
2024-07-07,981.0537719726562,163.343994140625,35.45607376098633,673.1915283203125,15.205249786376953,3.2781283855438232,54.194847106933594,121.82815551757812,56.92361068725586,310.8838806152344
2024-07-08,985.8948364257812,162.22018432617188,35.38175582885742,672.4920654296875,15.254988670349121,3.2933669090270996,54.076908111572266,120.09645080566406,56.45702362060547,309.28448486328125
2024-07-09,970.8777465820312,161.58499145507812,34.66331481933594,669.0940551757812,15.249462127685547,3.2813608646392822,53.72307586669922,118.78596496582031,56.20428466796875,308.28485107421875
2024-07-10,989.9454956054688,163.73489379882812,35.07455825805664,670.0933837890625,15.369203567504883,3.3012173175811768,54.568336486816406,119.76881408691406,56.515342712402344,310.48406982421875
2024-07-11,977.20068359375,162.90423583984375,34.98041915893555,668.994140625,15.363677024841309,3.316455841064453,55.23667907714844,122.10897064208984,56.96249008178711,313.8827819824219
2024-07-12,990.1430053710938,164.80982971191406,35.7583122253418,670.6929931640625,15.44841480255127,3.3427767753601074,55.590511322021484,121.87495422363281,57.409637451171875,318.18115234375
2024-07-13,990.1430053710938,164.80982971191406,35.7583122253418,670.6929931640625,15.44841480255127,3.3427767753601074,55.590511322021484,121.87495422363281,57.409637451171875,318.18115234375
2024-07-14,990.1430053710938,164.80982971191406,35.7583122253418,670.6929931640625,15.44841480255127,3.3427767753601074,55.590511322021484,121.87495422363281,57.409637451171875,318.18115234375
2024-07-15,977.2994995117188,166.1291046142578,35.421390533447266,663.3975219726562,15.324991226196289,3.33215594291687,54.391422271728516,118.87957000732422,56.72919845581055,315.5821533203125
2024-07-16,966.0365600585938,163.83261108398438,34.91600799560547,663.597412109375,15.389466285705566,3.3460090160369873,53.91965103149414,117.19466400146484,56.76808166503906,318.78094482421875
2024-07-17,860.4227294921875,152.1547088623047,34.61376953125,666.2957763671875,15.630789756774902,3.3690977096557617,55.23667907714844,121.15361785888672,57.118019104003906,321.4799499511719
2024-07-18,828.4124755859375,145.26522827148438,34.152976989746094,663.0977172851562,15.628949165344238,3.3871071338653564,55.334964752197266,121.58289337158203,57.29298782348633,324.7786865234375
2024-07-19,819.520751953125,143.45736694335938,32.80033493041992,659.69970703125,15.498154640197754,3.3663270473480225,54.529022216796875,119.10259246826172,56.86528396606445,325.8782958984375
2024-07-20,819.520751953125,143.45736694335938,32.80033493041992,659.69970703125,15.498154640197754,3.3663270473480225,54.529022216796875,119.10259246826172,56.86528396606445,325.8782958984375
2024-07-21,819.520751953125,143.45736694335938,32.80033493041992,659.69970703125,15.498154640197754,3.3663270473480225,54.529022216796875,119.10259246826172,56.86528396606445,325.8782958984375
2024-07-22,840.2681274414062,147.70831298828125,33.90028762817383,667.1951293945312,15.71921443939209,3.4309754371643066,55.05976486206055,121.48750305175781,57.059696197509766,326.0782165527344
2024-07-23,850.5430297851562,150.20025634765625,32.770606994628906,665.6961059570312,15.741320610046387,3.4577581882476807,54.843536376953125,121.10591888427734,56.92361068725586,325.7783203125
2024-07-24,821.595458984375,137.4473876953125,32.294952392578125,662.5980224609375,15.686056137084961,3.4402108192443848,54.72559356689453,119.24568176269531,56.57366943359375,327.0778503417969
2024-07-25,789.9804077148438,118.04938507080078,30.204055786132812,660.5991821289062,15.604998588562012,3.4166605472564697,54.90250778198242,120.19965362548828,56.76808166503906,325.4784240722656
2024-07-26,810.6289672851562,120.10157012939453,30.44683837890625,664.7966918945312,15.67500114440918,3.421278238296509,55.197364807128906,121.86909484863281,57.39019775390625,326.9779052734375
2024-07-27,810.6289672851562,120.10157012939453,30.44683837890625,664.7966918945312,15.67500114440918,3.421278238296509,55.197364807128906,121.86909484863281,57.39019775390625,326.9779052734375
2024-07-28,810.6289672851562,120.10157012939453,30.44683837890625,664.7966918945312,15.67500114440918,3.421278238296509,55.197364807128906,121.86909484863281,57.39019775390625,326.9779052734375
2024-07-29,798.0783081054688,116.29037475585938,31.130592346191406,669.59375,15.53315544128418,3.3871071338653564,54.13587951660156,119.29338836669922,56.84584426879883,330.7764587402344
2024-07-30,797.4844360351562,114.23818969726562,31.31391716003418,676.4895629882812,15.503681182861328,3.5071680545806885,54.076908111572266,116.9084701538086,57.19578552246094,331.576171875
2024-07-31,841.82763671875,116.43695831298828,31.759841918945312,703.5731201171875,15.428152084350586,3.463761329650879,54.0179328918457,118.2917251586914,58.47889709472656,331.4762268066406
2024-08-01,821.4376220703125,112.52803802490234,30.818443298339844,658.1006469726562,14.833131790161133,3.328000068664551,55.3742790222168,117.05155944824219,58.148399353027344,329.97674560546875
2024-08-02,729.5838623046875,102.02281188964844,29.262657165527344,635.9141845703125,14.461013793945312,3.1811561584472656,56.5930290222168,117.48085021972656,59.820335388183594,326.5780334472656
2024-08-03,729.5838623046875,102.02281188964844,29.262657165527344,635.9141845703125,14.461013793945312,3.1811561584472656,56.5930290222168,117.48085021972656,59.820335388183594,326.5780334472656
2024-08-04,729.5838623046875,102.02281188964844,29.262657165527344,635.9141845703125,14.461013793945312,3.1811561584472656,56.5930290222168,117.48085021972656,59.820335388183594,326.5780334472656
2024-08-05,738.3931274414062,104.80792236328125,29.65407943725586,625.4205322265625,14.061568260192871,3.150217294692993,54.666622161865234,116.9084701538086,58.80939865112305,320.9801330566406
2024-08-06,772.1454467773438,107.69074249267578,29.465801239013672,627.6192016601562,13.927793502807617,3.104963541030884,54.194847106933594,115.47753143310547,58.49834060668945,320.0804748535156
2024-08-07,787.88330078125,111.30650329589844,30.09505271911621,640.2114868164062,14.298974990844727,3.1908533573150635,54.843536376953125,116.57457733154297,59.042694091796875,329.1770324707031
2024-08-08,786.20068359375,109.5474853515625,30.045503616333008,639.2120971679688,14.263176918029785,3.180232524871826,54.6273078918457,116.0499038696289,58.82883834838867,328.8771667480469
2024-08-09,776.0056762695312,109.64520263671875,29.891908645629883,642.1104125976562,14.323470115661621,3.188082695007324,54.50936508178711,116.57457733154297,58.42057418823242,330.3766174316406
2024-08-10,776.0056762695312,109.64520263671875,29.891908645629883,642.1104125976562,14.323470115661621,3.188082695007324,54.50936508178711,116.57457733154297,58.42057418823242,330.3766174316406
2024-08-11,776.0056762695312,109.64520263671875,29.891908645629883,642.1104125976562,14.323470115661621,3.188082695007324,54.50936508178711,116.57457733154297,58.42057418823242,330.3766174316406
2024-08-12,776.5994873046875,112.96778869628906,30.00586700439453,643.5095825195312,14.349847793579102,3.2051682472229004,54.253822326660156,116.19300079345703,58.45945739746094,333.37548828125
2024-08-13,781.4496459960938,113.01665496826172,30.025684356689453,645.108642578125,14.442171096801758,3.199627161026001,53.91965103149414,115.90680694580078,58.323368072509766,334.87493896484375
2024-08-14,791.149658203125,113.45640563964844,30.100006103515625,649.406005859375,14.451593399047852,3.2222540378570557,53.97861862182617,116.62228393554688,58.92604446411133,340.47283935546875
2024-08-15,823.5162353515625,117.2676010131836,31.37337303161621,655.4788208007812,14.819005012512207,3.2222540378570557,54.253822326660156,118.2440185546875,58.71219253540039,341.0726318359375
2024-08-16,824.0111694335938,118.29369354248047,31.259414672851562,656.2784423828125,14.8284273147583,3.3219966888427734,54.09656524658203,117.24235534667969,58.80939865112305,341.0726318359375
2024-08-17,824.0111694335938,118.29369354248047,31.259414672851562,656.2784423828125,14.8284273147583,3.3219966888427734,54.09656524658203,117.24235534667969,58.80939865112305,341.0726318359375
2024-08-18,824.0111694335938,118.29369354248047,31.259414672851562,656.2784423828125,14.8284273147583,3.3219966888427734,54.09656524658203,117.24235534667969,58.80939865112305,341.0726318359375
2024-08-19,820.9428100585938,119.1731948852539,31.274276733398438,663.2749633789062,14.967855453491211,3.3376972675323486,54.13587951660156,118.19632720947266,59.023250579833984,341.27252197265625
2024-08-20,824.110107421875,119.7595443725586,31.34859848022461,650.7811279296875,14.87741470336914,3.319688320159912,53.4478759765625,115.62061309814453,58.88716506958008,338.6734924316406
2024-08-21,834.7009887695312,120.68790435791016,31.819299697875977,653.1799926757812,14.852921485900879,3.3395442962646484,53.742733001708984,119.05489349365234,58.63442611694336,339.6731262207031
2024-08-22,824.506103515625,119.61295318603516,31.824254989624023,653.7796630859375,14.903794288635254,3.345085620880127,54.0572509765625,119.67497253417969,59.15933609008789,346.4706115722656
2024-08-23,810.4508056640625,116.82785034179688,31.908485412597656,654.37939453125,15.056411743164062,3.3963425159454346,54.214508056640625,120.58123779296875,59.120452880859375,348.9696960449219
2024-08-24,810.4508056640625,116.82785034179688,31.908485412597656,654.37939453125,15.056411743164062,3.3963425159454346,54.214508056640625,120.58123779296875,59.120452880859375,348.9696960449219
2024-08-25,810.4508056640625,116.82785034179688,31.908485412597656,654.37939453125,15.056411743164062,3.3963425159454346,54.214508056640625,120.58123779296875,59.120452880859375,348.9696960449219
2024-08-26,788.8731079101562,116.38809204101562,31.84902572631836,654.37939453125,15.063947677612305,3.382951021194458,54.076908111572266,121.15361785888672,59.52872085571289,348.9696960449219
2024-08-27,786.1016845703125,115.50858306884766,32.096763610839844,660.5763549804688,15.214682579040527,3.4171223640441895,54.48970413208008,121.53520965576172,59.76201248168945,351.5687255859375
2024-08-28,791.2487182617188,115.89947509765625,32.05217361450195,659.376953125,15.195839881896973,3.4185075759887695,54.31278991699219,122.67996978759766,60.50077819824219,348.1699523925781
2024-08-29,814.6079711914062,118.83116912841797,32.56250762939453,660.4763793945312,15.371068000793457,3.4434430599212646,54.568336486816406,125.1125717163086,60.69518280029297,352.368408203125
2024-08-30,803.7201538085938,115.1176986694336,32.70124053955078,666.37353515625,15.444549560546875,3.4766910076141357,54.352108001708984,122.87075805664062,61.04512405395508,353.5679626464844
2024-08-31,803.7201538085938,115.1176986694336,32.70124053955078,666.37353515625,15.444549560546875,3.4766910076141357,54.352108001708984,122.87075805664062,61.04512405395508,353.5679626464844
2024-09-01,803.7201538085938,115.1176986694336,32.70124053955078,666.37353515625,15.444549560546875,3.4766910076141357,54.352108001708984,122.87075805664062,61.04512405395508,353.5679626464844
2024-09-02,810.3519287109375,115.21542358398438,32.52286911010742,665.5739135742188,15.453970909118652,3.4850029945373535,54.253822326660156,123.87242889404297,61.4339485168457,355.9670715332031
2024-09-03,774.8179321289062,109.9383773803711,31.001768112182617,658.07763671875,15.299469947814941,3.4277429580688477,54.705936431884766,121.91679382324219,61.99774169921875,361.5649719238281
2024-09-04,728.89111328125,108.27709197998047,29.81758689880371,658.37744140625,15.152504920959473,3.430051803588867,55.55119705200195,119.48417663574219,62.65873718261719,362.7645263671875
2024-09-05,712.6583251953125,104.80792236328125,29.772993087768555,660.5763549804688,15.19960880279541,3.4642231464385986,56.278507232666016,118.48251342773438,62.61985397338867,366.06329345703125
2024-09-06,674.055908203125,101.38761138916016,28.717636108398438,648.4822998046875,15.041337966918945,3.386183500289917,55.590511322021484,117.48085021972656,63.39750289916992,366.463134765625
2024-09-07,674.055908203125,101.38761138916016,28.717636108398438,648.4822998046875,15.041337966918945,3.386183500289917,55.590511322021484,117.48085021972656,63.39750289916992,366.463134765625
2024-09-08,674.055908203125,101.38761138916016,28.717636108398438,648.4822998046875,15.041337966918945,3.386183500289917,55.590511322021484,117.48085021972656,63.39750289916992,366.463134765625
2024-09-09,669.6018676757812,102.7557373046875,28.970327377319336,660.7762451171875,15.22787094116211,3.441596269607544,56.76993942260742,118.57791137695312,63.90296936035156,368.5623779296875
2024-09-10,665.6426391601562,102.12053680419922,28.26180076599121,648.6821899414062,15.063947677612305,3.4069631099700928,57.28102493286133,119.05489349365234,64.23347473144531,367.4627685546875
2024-09-11,690.9816284179688,105.24767303466797,28.618539810180664,648.7821044921875,15.124242782592773,3.412966251373291,57.26136779785156,120.72433471679688,63.94185256958008,366.5631103515625
2024-09-12,715.0338134765625,109.25431823730469,28.990144729614258,655.2789916992188,15.310775756835938,3.4485228061676025,57.53657150268555,123.34774017333984,63.55302810668945,368.86224365234375
2024-09-13,726.5155639648438,110.57357788085938,29.55498695373535,658.37744140625,15.484119415283203,3.4679174423217773,57.55622863769531,119.9611587524414,63.261417388916016,364.3639221191406
2024-09-14,726.5155639648438,110.57357788085938,29.55498695373535,658.37744140625,15.484119415283203,3.4679174423217773,57.55622863769531,119.9611587524414,63.261417388916016,364.3639221191406
2024-09-15,726.5155639648438,110.57357788085938,29.55498695373535,658.37744140625,15.484119415283203,3.4679174423217773,57.55622863769531,119.9611587524414,63.261417388916016,364.3639221191406
2024-09-16,712.559326171875,108.71684265136719,28.78700065612793,654.37939453125,15.354111671447754,3.4531407356262207,57.1237678527832,120.48584747314453,63.47526931762695,370.4616394042969
2024-09-17,718.59716796875,110.4758529663086,29.713537216186523,661.4759521484375,15.504844665527344,3.4771528244018555,57.00582504272461,120.77202606201172,62.89202880859375,369.06219482421875
2024-09-18,707.7093505859375,109.59634399414062,29.90181541442871,657.9776611328125,15.529338836669922,3.4799232482910156,56.33748245239258,118.81640625,62.71706008911133,368.262451171875
2024-09-19,740.2738037109375,114.28704833984375,30.55584144592285,668.9722290039062,15.71587085723877,3.511323928833008,56.45542526245117,122.87075805664062,62.833709716796875,365.3635559082031
2024-09-20,709.3919677734375,109.05886840820312,28.806819915771484,660.1765747070312,15.721525192260742,3.5325655937194824,55.62982177734375,122.20298767089844,62.65873718261719,363.2643127441406
2024-09-21,709.3919677734375,109.05886840820312,28.806819915771484,660.1765747070312,15.721525192260742,3.5325655937194824,55.62982177734375,122.20298767089844,62.65873718261719,363.2643127441406
2024-09-22,709.3919677734375,109.05886840820312,28.806819915771484,660.1765747070312,15.721525192260742,3.5325655937194824,55.62982177734375,122.20298767089844,62.65873718261719,363.2643127441406
2024-09-23,710.9755859375,104.80792236328125,28.76222801208496,670.37158203125,15.585864067077637,3.4660701751708984,55.8657112121582,122.25067138671875,63.125328063964844,365.76336669921875
2024-09-24,720.1807861328125,105.63856506347656,29.223018646240234,671.870849609375,15.608474731445312,3.488697052001953,56.76993942260742,123.96781158447266,63.59191131591797,364.16400146484375
2024-09-25,727.50537109375,106.66465759277344,29.193288803100586,665.4739990234375,15.346575736999512,3.488697052001953,55.767425537109375,123.53853607177734,63.183650970458984,365.76336669921875
2024-09-26,752.052490234375,110.0849609375,30.35765266418457,679.4671020507812,15.64427375793457,3.5796663761138916,57.55622863769531,130.59786987304688,63.261417388916016,358.3661804199219
2024-09-27,749.5779418945312,111.35535430908203,32.39900207519531,680.5665893554688,15.572674751281738,3.574587106704712,58.59805679321289,133.26898193359375,63.72800064086914,360.5653381347656
2024-09-28,749.5779418945312,111.35535430908203,32.39900207519531,680.5665893554688,15.572674751281738,3.574587106704712,58.59805679321289,133.26898193359375,63.72800064086914,360.5653381347656
2024-09-29,749.5779418945312,111.35535430908203,32.39900207519531,680.5665893554688,15.572674751281738,3.574587106704712,58.59805679321289,133.26898193359375,63.72800064086914,360.5653381347656
2024-09-30,737.9971923828125,110.96446990966797,31.175182342529297,668.872314453125,15.331501007080078,3.544110059738159,58.3621711730957,129.35772705078125,63.51414489746094,358.56610107421875
2024-10-01,734.2359619140625,107.73960876464844,30.327922821044922,664.3744506835938,15.04322338104248,3.4499082565307617,59.28606033325195,128.02215576171875,63.47526931762695,359.36578369140625
2024-10-02,749.677001953125,110.91560363769531,30.35765266418457,675.6688842773438,15.04322338104248,3.431899070739746,59.010860443115234,129.02383422851562,63.14476776123047,354.7674865722656
2024-10-03,747.4003295898438,110.28040313720703,29.49057388305664,684.66455078125,14.901909828186035,3.4041926860809326,59.20743179321289,126.78201293945312,62.65873718261719,363.8641052246094
2024-10-04,749.77587890625,110.03609466552734,30.090097427368164,691.461181640625,15.079022407531738,3.4757673740386963,59.16811752319336,125.01718139648438,62.23103332519531,362.0647888183594
2024-10-05,749.77587890625,110.03609466552734,30.090097427368164,691.461181640625,15.079022407531738,3.4757673740386963,59.16811752319336,125.01718139648438,62.23103332519531,362.0647888183594
2024-10-06,749.77587890625,110.03609466552734,30.090097427368164,691.461181640625,15.079022407531738,3.4757673740386963,59.16811752319336,125.01718139648438,62.23103332519531,362.0647888183594
2024-10-07,739.9768676757812,108.42366790771484,30.159461975097656,694.8595581054688,15.220335006713867,3.5122475624084473,58.3621711730957,125.39875793457031,62.60041809082031,359.6656799316406
2024-10-08,744.430908203125,108.42366790771484,29.60453224182129,665.6738891601562,15.12047290802002,3.496547222137451,57.51691436767578,120.1519546508789,62.63930130004883,360.26544189453125
2024-10-09,759.6739501953125,109.20545196533203,30.327922821044922,669.0722045898438,14.745523452758789,3.5168654918670654,57.83142852783203,120.53353881835938,62.87259292602539,364.16400146484375
2024-10-10,754.8239135742188,106.42034912109375,30.134689331054688,671.870849609375,14.869878768920898,3.5556540489196777,57.7527961730957,120.1519546508789,62.911476135253906,359.3077392578125
2024-10-11,762.8412475585938,107.69074249267578,30.139644622802734,672.8703002929688,15.026265144348145,3.593519687652588,58.3621711730957,120.39044189453125,63.10588455200195,357.1083068847656
2024-10-12,762.8412475585938,107.69074249267578,30.139644622802734,672.8703002929688,15.026265144348145,3.593519687652588,58.3621711730957,120.39044189453125,63.10588455200195,357.1083068847656
2024-10-13,762.8412475585938,107.69074249267578,30.139644622802734,672.8703002929688,15.026265144348145,3.593519687652588,58.3621711730957,120.39044189453125,63.10588455200195,357.1083068847656
2024-10-14,783.9241333007812,111.20877838134766,30.763940811157227,675.4690551757812,15.030034065246582,3.6226112842559814,58.578399658203125,119.62727355957031,63.280853271484375,356.4084777832031
2024-10-15,661.2874755859375,98.84681701660156,30.199100494384766,668.872314453125,15.073369026184082,3.629999876022339,59.44331741333008,118.7686996459961,63.766883850097656,356.5084533691406
2024-10-16,627.436279296875,97.60572814941406,30.100006103515625,672.4705200195312,14.935824394226074,3.620302677154541,58.892913818359375,117.81474304199219,63.59191131591797,355.00885009765625
2024-10-17,627.733154296875,98.60250854492188,30.605388641357422,677.66796875,15.058296203613281,3.6669416427612305,59.52194595336914,119.9611587524414,63.31973648071289,362.0070495605469
2024-10-18,657.7242431640625,101.33875274658203,30.486474990844727,680.2666625976562,15.054527282714844,3.694186210632324,59.679203033447266,121.77369689941406,62.98924255371094,361.70709228515625
2024-10-19,657.7242431640625,101.33875274658203,30.486474990844727,680.2666625976562,15.054527282714844,3.694186210632324,59.679203033447266,121.77369689941406,62.98924255371094,361.70709228515625
2024-10-20,657.7242431640625,101.33875274658203,30.486474990844727,680.2666625976562,15.054527282714844,3.694186210632324,59.679203033447266,121.77369689941406,62.98924255371094,361.70709228515625
2024-10-21,650.8944702148438,99.0422592163086,29.703628540039062,675.0692749023438,14.958436012268066,3.661400079727173,59.148460388183594,120.19965362548828,62.853153228759766,357.1083068847656
2024-10-22,660.0007934570312,99.13998413085938,29.406343460083008,681.166259765625,14.773786544799805,3.6304614543914795,58.696346282958984,121.05821990966797,62.5615348815918,356.0085754394531
2024-10-23,652.0823364257812,98.01617431640625,30.075233459472656,679.567138671875,14.687113761901855,3.58705472946167,58.73565673828125,119.24568176269531,62.21159362792969,353.50921630859375
2024-10-24,654.5568237304688,103.58638000488281,30.352697372436523,679.567138671875,14.628704071044922,3.5828988552093506,58.833946228027344,119.00719451904297,63.92241287231445,356.5084533691406
2024-10-25,657.3282470703125,103.24435424804688,30.42206382751465,681.7659912109375,14.770018577575684,3.5796663761138916,58.519432067871094,117.67164611816406,63.94185256958008,352.70941162109375
2024-10-26,657.3282470703125,103.24435424804688,30.42206382751465,681.7659912109375,14.770018577575684,3.5796663761138916,58.519432067871094,117.67164611816406,63.94185256958008,352.70941162109375
2024-10-27,657.3282470703125,103.24435424804688,30.42206382751465,681.7659912109375,14.770018577575684,3.5796663761138916,58.519432067871094,117.67164611816406,63.94185256958008,352.70941162109375
2024-10-28,648.8159790039062,102.12053680419922,30.699527740478516,691.7610473632812,14.86799430847168,3.62630558013916,58.71600341796875,118.48251342773438,65.55546569824219,353.50921630859375
2024-10-29,650.0263671875,102.46256256103516,30.511249542236328,713.3505249023438,14.834080696105957,3.66925048828125,58.4801139831543,117.33776092529297,65.18608093261719,348.1106262207031
2024-10-30,628.9937744140625,99.62859344482422,29.45093536376953,705.8541870117188,14.653199195861816,3.6429293155670166,57.37931442260742,112.23403930664062,64.35011291503906,347.3108215332031
2024-10-31,616.2948608398438,95.70990753173828,28.76222801208496,711.3514404296875,14.766249656677246,3.636002779006958,54.03759002685547,108.99056243896484,63.86408615112305,342.1121520996094
2024-11-01,622.1482543945312,98.7979507446289,28.76222801208496,709.25244140625,14.820890426635742,3.725125312805176,54.194847106933594,109.99222564697266,64.21402740478516,347.9106750488281
2024-11-02,622.1482543945312,98.7979507446289,28.76222801208496,709.25244140625,14.820890426635742,3.725125312805176,54.194847106933594,109.99222564697266,64.21402740478516,347.9106750488281
2024-11-03,622.1482543945312,98.7979507446289,28.76222801208496,709.25244140625,14.820890426635742,3.725125312805176,54.194847106933594,109.99222564697266,64.21402740478516,347.9106750488281
2024-11-04,613.3184814453125,98.30934143066406,28.91582489013672,717.3485717773438,14.932056427001953,3.7574493885040283,53.03507614135742,109.7060317993164,64.35011291503906,351.7096862792969
2024-11-05,619.07275390625,99.62859344482422,29.074377059936523,722.0462646484375,14.71726131439209,3.7865407466888428,53.03507614135742,108.46587371826172,64.77782440185547,353.80914306640625
2024-11-06,605.9769287109375,100.75241088867188,28.142887115478516,723.8453369140625,14.298974990844727,3.6683266162872314,51.83599090576172,104.88850402832031,63.65024185180664,357.208251953125
2024-11-07,619.7672119140625,106.3226318359375,28.677997589111328,715.326904296875,14.116209983825684,3.560271978378296,52.799190521240234,107.70270538330078,63.708560943603516,348.4105224609375
2024-11-08,616.5924682617188,107.00668334960938,28.52440071105957,689.7366943359375,14.121862411499023,3.5422627925872803,52.38638687133789,107.46421813964844,63.689117431640625,345.11138916015625
2024-11-09,616.5924682617188,107.00668334960938,28.52440071105957,689.7366943359375,14.121862411499023,3.5422627925872803,52.38638687133789,107.46421813964844,63.689117431640625,345.11138916015625
2024-11-10,616.5924682617188,107.00668334960938,28.52440071105957,689.7366943359375,14.121862411499023,3.5422627925872803,52.38638687133789,107.46421813964844,63.689117431640625,345.11138916015625
2024-11-11,622.3466796875,107.73960876464844,29.49057388305664,698.9331665039062,14.234912872314453,3.600907802581787,52.72056198120117,107.75039672851562,63.72800064086914,343.81170654296875
2024-11-12,625.322998046875,111.5508041381836,30.570707321166992,693.63525390625,13.986202239990234,3.512709140777588,51.600101470947266,105.36548614501953,62.853153228759766,341.7122497558594
2024-11-13,622.7435302734375,109.05886840820312,29.133832931518555,700.5325927734375,13.78271198272705,3.5307185649871826,51.71804428100586,104.45922088623047,62.6976203918457,340.1126708984375
2024-11-14,666.296875,114.58021545410156,30.486474990844727,705.9305419921875,13.976781845092773,3.6064493656158447,52.70090103149414,105.55628204345703,63.45582580566406,341.8122253417969
2024-11-15,629.98583984375,111.74625396728516,30.015777587890625,716.5264282226562,14.110557556152344,3.6018316745758057,52.2684440612793,104.02993774414062,63.16421127319336,345.61126708984375
2024-11-16,629.98583984375,111.74625396728516,30.015777587890625,716.5264282226562,14.110557556152344,3.6018316745758057,52.2684440612793,104.02993774414062,63.16421127319336,345.61126708984375
2024-11-17,629.98583984375,111.74625396728516,30.015777587890625,716.5264282226562,14.110557556152344,3.6018316745758057,52.2684440612793,104.02993774414062,63.16421127319336,345.61126708984375
2024-11-18,624.6284790039062,108.03278350830078,29.470754623413086,727.522216796875,14.219840049743652,3.6269383430480957,52.46501922607422,104.45922088623047,63.16421127319336,347.8106689453125
2024-11-19,619.7672119140625,105.2965316772461,28.836549758911133,724.0235595703125,14.084179878234863,3.5868642330169678,52.091529846191406,103.93453979492188,63.2225341796875,347.8106689453125
2024-11-20,611.6319580078125,104.66133117675781,28.856369018554688,722.2243041992188,14.040843963623047,3.5694828033447266,51.423187255859375,102.78978729248047,63.33918380737305,348.5105285644531
2024-11-21,626.5135498046875,105.0522232055664,28.80186653137207,726.6226196289062,13.965476989746094,3.5414793491363525,51.34455871582031,101.74042510986328,62.678184509277344,350.8099060058594
2024-11-22,637.02978515625,110.23155212402344,29.733354568481445,724.1235961914062,13.803438186645508,3.5086476802825928,51.678733825683594,101.74042510986328,63.630794525146484,353.30926513671875
2024-11-23,637.02978515625,110.23155212402344,29.733354568481445,724.1235961914062,13.803438186645508,3.5086476802825928,51.678733825683594,101.74042510986328,63.630794525146484,353.30926513671875
2024-11-24,637.02978515625,110.23155212402344,29.733354568481445,724.1235961914062,13.803438186645508,3.5086476802825928,51.678733825683594,101.74042510986328,63.630794525146484,353.30926513671875
2024-11-25,646.8516235351562,109.88951110839844,30.134689331054688,733.4200439453125,13.78836441040039,3.4849894046783447,51.75735855102539,104.61802673339844,62.95035934448242,352.1095886230469
2024-11-26,634.9463500976562,108.37480926513672,30.20901107788086,732.3203735351562,13.601831436157227,3.459399938583374,50.4010124206543,103.15483856201172,62.483768463134766,350.3100280761719
2024-11-27,622.7435302734375,105.9805908203125,29.78290367126465,731.6207275390625,13.628210067749023,3.4545719623565674,50.42066955566406,103.34992980957031,62.73650360107422,357.80810546875
2024-11-28,637.823486328125,108.17935943603516,29.78290367126465,731.6207275390625,13.750680923461914,3.478712797164917,50.16512680053711,103.7401123046875,62.89202880859375,366.1059875488281
2024-11-29,653.2011108398438,110.42699432373047,30.53602409362793,732.42041015625,13.809089660644531,3.502371072769165,50.06684112548828,103.30115509033203,62.853153228759766,366.3059387207031
2024-11-30,653.2011108398438,110.42699432373047,30.53602409362793,732.42041015625,13.809089660644531,3.502371072769165,50.06684112548828,103.30115509033203,62.853153228759766,366.3059387207031
2024-12-01,653.2011108398438,110.42699432373047,30.53602409362793,732.42041015625,13.809089660644531,3.502371072769165,50.06684112548828,103.30115509033203,62.853153228759766,366.3059387207031
2024-12-02,658.8560791015625,111.40422058105469,30.8382625579834,737.6184692382812,13.720534324645996,3.5071990489959717,50.224098205566406,103.25238037109375,63.02811813354492,366.6058654785156
2024-12-03,672.5471801757812,113.35868072509766,31.507150650024414,743.4161987304688,13.792133331298828,3.5549981594085693,50.38135528564453,102.66710662841797,62.98924255371094,371.0047302246094
2024-12-04,678.1028442382812,119.02661895751953,31.754884719848633,743.916015625,13.873151779174805,3.6032800674438477,49.67369842529297,101.74042510986328,62.930912017822266,372.90423583984375
2024-12-05,673.8368530273438,119.27092742919922,32.042259216308594,751.0132446289062,14.298974990844727,3.6848766803741455,49.61472702026367,104.71556854248047,63.16421127319336,374.40386962890625
2024-12-06,672.24951171875,121.07879638671875,32.389095306396484,743.316162109375,14.172735214233398,3.7070863246917725,49.41815185546875,106.17875671386719,63.04756164550781,366.8058166503906
2024-12-07,672.24951171875,121.07879638671875,32.389095306396484,743.316162109375,14.172735214233398,3.7070863246917725,49.41815185546875,106.17875671386719,63.04756164550781,366.8058166503906
2024-12-08,672.24951171875,121.07879638671875,32.389095306396484,743.316162109375,14.172735214233398,3.7070863246917725,49.41815185546875,106.17875671386719,63.04756164550781,366.8058166503906
2024-12-09,669.6700439453125,123.17984771728516,33.10752868652344,749.813720703125,14.278249740600586,3.7070863246917725,49.63438415527344,109.0563735961914,62.503211975097656,364.7063293457031
2024-12-10,665.0071411132812,122.34919738769531,33.10752868652344,749.7137451171875,14.28390121459961,3.68825626373291,49.595069885253906,109.59286499023438,62.36712646484375,368.50537109375
2024-12-11,672.9439086914062,123.8150405883789,32.79538345336914,755.611572265625,14.18592357635498,3.7230193614959717,49.378841400146484,109.20268249511719,62.95035934448242,370.10498046875
2024-12-12,677.9044799804688,121.32310485839844,32.87961196899414,760.8095092773438,13.807206153869629,3.7708184719085693,50.08649826049805,111.1048355102539,63.183650970458984,370.5048522949219
2024-12-13,682.2697143554688,124.2059326171875,32.72106170654297,765.9075927734375,13.978666305541992,3.792062520980835,50.342044830322266,111.15360260009766,63.41694259643555,371.9045104980469
2024-12-14,682.2697143554688,124.2059326171875,32.72106170654297,765.9075927734375,13.978666305541992,3.792062520980835,50.342044830322266,111.15360260009766,63.41694259643555,371.9045104980469
2024-12-15,682.2697143554688,124.2059326171875,32.72106170654297,765.9075927734375,13.978666305541992,3.792062520980835,50.342044830322266,111.15360260009766,63.41694259643555,371.9045104980469
2024-12-16,682.5673828125,124.40138244628906,32.55259704589844,761.2094116210938,13.963592529296875,3.807995557785034,49.7130126953125,109.34900665283203,63.55302810668945,373.00421142578125
2024-12-17,697.8457641601562,125.57405853271484,32.686378479003906,757.4108276367188,13.841121673583984,3.7336411476135254,48.7203254699707,108.6174087524414,63.125328063964844,373.90399169921875
2024-12-18,711.635986328125,128.5546112060547,33.389949798583984,767.6069946289062,13.967361450195312,3.7659902572631836,48.09129333496094,105.34962463378906,62.52265167236328,372.80426025390625
2024-12-19,685.34521484375,124.2059326171875,31.591381072998047,764.8080444335938,14.063453674316406,3.7206051349639893,47.560550689697266,105.98367309570312,62.63930130004883,368.4053955078125
2024-12-20,680.682373046875,127.6262435913086,31.105815887451172,760.5096435546875,13.863730430603027,3.7022581100463867,47.31483459472656,105.39839935302734,62.28936004638672,366.3059387207031
2024-12-21,680.682373046875,127.6262435913086,31.105815887451172,760.5096435546875,13.863730430603027,3.7022581100463867,47.31483459472656,105.39839935302734,62.28936004638672,366.3059387207031
2024-12-22,680.682373046875,127.6262435913086,31.105815887451172,760.5096435546875,13.863730430603027,3.7022581100463867,47.31483459472656,105.39839935302734,62.28936004638672,366.3059387207031
2024-12-23,678.4005126953125,130.460205078125,31.254459381103516,764.8080444335938,13.893878936767578,3.688739061355591,47.422950744628906,104.86189270019531,62.425445556640625,365.9060363769531
2024-12-24,683.0634155273438,131.87718200683594,31.254459381103516,771.7053833007812,13.974897384643555,3.688739061355591,47.59003448486328,104.95943450927734,62.26991271972656,368.4053955078125
2024-12-25,683.0634155273438,131.87718200683594,31.254459381103516,771.7053833007812,13.974897384643555,3.688739061355591,47.59003448486328,104.95943450927734,62.26991271972656,368.4053955078125
2024-12-26,683.0634155273438,131.87718200683594,31.254459381103516,771.7053833007812,13.974897384643555,3.688739061355591,47.59003448486328,104.95943450927734,62.26991271972656,368.4053955078125
2024-12-27,679.4918823242188,130.60678100585938,31.531923294067383,776.8034057617188,14.1444730758667,3.7321929931640625,47.88489532470703,106.81281280517578,62.96979522705078,366.8058166503906
2024-12-28,679.4918823242188,130.60678100585938,31.531923294067383,776.8034057617188,14.1444730758667,3.7321929931640625,47.88489532470703,106.81281280517578,62.96979522705078,366.8058166503906
2024-12-29,679.4918823242188,130.60678100585938,31.531923294067383,776.8034057617188,14.1444730758667,3.7321929931640625,47.88489532470703,106.81281280517578,62.96979522705078,366.8058166503906
2024-12-30,666.594482421875,130.2158966064453,31.115726470947266,781.4017333984375,14.165199279785156,3.7302615642547607,47.19689178466797,105.49594116210938,62.6976203918457,365.50616455078125
2024-12-31,673.3408203125,129.28753662109375,31.115726470947266,785.0003051757812,14.253754615783691,3.7302615642547607,47.422950744628906,106.32508087158203,63.30030059814453,368.2054443359375
2025-01-01,673.3408203125,129.28753662109375,31.115726470947266,785.0003051757812,14.253754615783691,3.7302615642547607,47.422950744628906,106.32508087158203,63.30030059814453,368.2054443359375
